{
    "Weights": {
        "hgb": 0.24230890758038817,
        "svr": 0.24950936901377196,
        "mlp": 0.2556376421418674,
        "knn": 0.2525440812639725
    },
    "val_results": {
        "hgb": 27.525799860430997,
        "svr": 26.731447082523328,
        "mlp": 26.09062749304634,
        "knn": 26.41022692344752
    },
    "final_test_mae": 25.242113814248146,
    "Calibration": {
        "0.1": 44.92235330226973,
        "0.5": 25.223332534887746
    }
}